link,address
https://www.avito.ru/moskva/kommercheskaya_nedvizhimost/torgovaya_ploschad_46.2_m_4084014232,N/A
https://www.avito.ru/moskva/kommercheskaya_nedvizhimost/svobodnogo_naznacheniya_10_m_4033129931,N/A
https://www.avito.ru/moskva/kommercheskaya_nedvizhimost/chasti_pomescheniya_ploschadyu_45-15-19-34_m_2555428031,N/A
https://www.avito.ru/moskva/kommercheskaya_nedvizhimost/svobodnogo_naznacheniya_45_m_4130690916,N/A
https://www.avito.ru/moskva/kommercheskaya_nedvizhimost/torgovaya_ploschad_1500_m_4228973398,N/A
https://www.avito.ru/moskva/kommercheskaya_nedvizhimost/svobodnogo_naznacheniya_1_m_3789883000,N/A
https://www.avito.ru/moskva/kommercheskaya_nedvizhimost/svobodnogo_naznacheniya_750_m_3988746266,N/A
https://www.avito.ru/moskva/kommercheskaya_nedvizhimost/arenda_reyla_polki_v_shourume_na_patriarshih_3894964701,N/A
https://www.avito.ru/moskva/kommercheskaya_nedvizhimost/svobodnogo_naznacheniya_172_m_1995212862,N/A
https://www.avito.ru/moskva/kommercheskaya_nedvizhimost/svobodnogo_naznacheniya_60_m_3988827685,N/A
https://www.avito.ru/moskva/kommercheskaya_nedvizhimost/svobodnogo_naznacheniya_78_m_3988902037,N/A
https://www.avito.ru/moskva/kommercheskaya_nedvizhimost/kabinet_kosmetologa_s_vidom_na_kreml._tsena_po_sog_4498061153,N/A
https://www.avito.ru/moskva/kommercheskaya_nedvizhimost/torgovaya_ploschad_15_m_3687937241,N/A
https://www.avito.ru/moskva/kommercheskaya_nedvizhimost/svobodnogo_naznacheniya_200.4_m_4280047312,N/A
https://www.avito.ru/moskva/kommercheskaya_nedvizhimost/svobodnogo_naznacheniya_30_m_4280255289,N/A
https://www.avito.ru/moskva/kommercheskaya_nedvizhimost/svobodnogo_naznacheniya_72_m_4279773714,N/A
https://www.avito.ru/moskva/kommercheskaya_nedvizhimost/svobodnogo_naznacheniya_31_m_4280328515,N/A
https://www.avito.ru/moskva/kommercheskaya_nedvizhimost/svobodnogo_naznacheniya_60_m_4280403321,N/A
https://www.avito.ru/moskva/kommercheskaya_nedvizhimost/torgovaya_ploschad_260_m_4125298227,N/A
https://www.avito.ru/moskva/kommercheskaya_nedvizhimost/svobodnogo_naznacheniya_25_m_4062218380,N/A
https://www.avito.ru/moskva/kommercheskaya_nedvizhimost/torgovaya_ploschad_100_m_4078251963,N/A
https://www.avito.ru/moskva/kommercheskaya_nedvizhimost/svobodnogo_naznacheniya_300_m_4078349570,N/A
https://www.avito.ru/moskva/kommercheskaya_nedvizhimost/torgovaya_ploschad_150_m_4045727139,N/A
https://www.avito.ru/moskva/kommercheskaya_nedvizhimost/torgovaya_ploschad_27_m_4078433678,N/A
https://www.avito.ru/moskva/kommercheskaya_nedvizhimost/torgovaya_ploschad_50_m_4078062085,N/A
https://www.avito.ru/moskva/kommercheskaya_nedvizhimost/torgovaya_ploschad_70_m_4077838696,N/A
https://www.avito.ru/moskva/kommercheskaya_nedvizhimost/torgovaya_ploschad_18_m_4053692992,N/A
https://www.avito.ru/moskva/kommercheskaya_nedvizhimost/avtomoyka_120_m_4165165299,N/A
https://www.avito.ru/moskva/kommercheskaya_nedvizhimost/obschepit_70_m_2281282566,N/A
https://www.avito.ru/moskva/kommercheskaya_nedvizhimost/proizvodstvo_400_m_4097351865,N/A
https://www.avito.ru/moskva/kommercheskaya_nedvizhimost/pomeschenie_svobodnogo_naznacheniya_120_m_4066944636,N/A
https://www.avito.ru/moskva/kommercheskaya_nedvizhimost/svobodnogo_naznacheniya_stritfud_tsvety_kofe_s_sob_3925085316,N/A
https://www.avito.ru/moskva/kommercheskaya_nedvizhimost/svobodnogo_naznacheniya_kofe_kofeynya_-_15_m_3924885984,N/A
https://www.avito.ru/moskva/kommercheskaya_nedvizhimost/kabinet_s_oborudovaniem_dlya_vracha-kosmetologa_3440492595,N/A
https://www.avito.ru/moskva/kommercheskaya_nedvizhimost/pomeschenie_svobodnogo_naznacheniya_60_m_3978676474,N/A
https://www.avito.ru/moskva/kommercheskaya_nedvizhimost/yuridicheskiy_adres_v_26_ifns_ot_sobstvennika_4011992584,N/A
https://www.avito.ru/moskva/kommercheskaya_nedvizhimost/torgovaya_ploschad_15_m_4610214596,N/A
https://www.avito.ru/moskva/kommercheskaya_nedvizhimost/torgovaya_ploschad_1_m_4218952004,N/A
https://www.avito.ru/moskva/kommercheskaya_nedvizhimost/torgovaya_ploschad_7_m_4025013828,N/A
https://www.avito.ru/moskva/kommercheskaya_nedvizhimost/sklad_18_m_3978988592,N/A
https://www.avito.ru/moskva/kommercheskaya_nedvizhimost/ofis_35_m_4364406680,N/A
https://www.avito.ru/moskva/kommercheskaya_nedvizhimost/torgovaya_ploschad_37_m_2187795594,N/A
https://www.avito.ru/moskva/kommercheskaya_nedvizhimost/torgovaya_ploschad_20_m_4097542403,N/A
https://www.avito.ru/moskva/kommercheskaya_nedvizhimost/torgovaya_ploschad_35_m_2027379741,N/A
https://www.avito.ru/moskva/kommercheskaya_nedvizhimost/svobodnogo_naznacheniya_90m_3988465189,N/A
https://www.avito.ru/moskva/kommercheskaya_nedvizhimost/torgovaya_ploschad_72_m_2187253413,N/A
https://www.avito.ru/moskva/kommercheskaya_nedvizhimost/torgovaya_ploschad_5_m_3626384252,N/A
https://www.avito.ru/moskva/kommercheskaya_nedvizhimost/torgovaya_ploschad_30_m_3062558724,N/A
https://www.avito.ru/moskva/kommercheskaya_nedvizhimost/torgovaya_ploschad_30_m_4578219006,N/A
https://www.avito.ru/moskva/kommercheskaya_nedvizhimost/svobodnogo_naznacheniya_42_m_4164157653,N/A
